Entity,Code,Year,"Railways, passengers carried (million passenger-km)"
Albania,ALB,1995,197000000
Albania,ALB,1996,168000000
Albania,ALB,1997,95000000
Albania,ALB,1998,116000000
Albania,ALB,1999,121000000
Albania,ALB,2000,125000000
Albania,ALB,2001,138000000
Albania,ALB,2002,123000000
Albania,ALB,2003,105000000
Albania,ALB,2004,89000000
Albania,ALB,2005,73000000
Albania,ALB,2006,80000000
Albania,ALB,2007,51000000
Albania,ALB,2008,41000000
Albania,ALB,2009,32000000
Albania,ALB,2010,19000000
Albania,ALB,2011,18000000
Albania,ALB,2012,16000000
Albania,ALB,2013,12000000
Albania,ALB,2014,7714000
Albania,ALB,2015,6990000
Albania,ALB,2016,3200000
Albania,ALB,2017,2400000
Albania,ALB,2018,2700000
Algeria,DZA,1995,1797000000
Algeria,DZA,1996,1826000000
Algeria,DZA,1997,1360000000
Algeria,DZA,1998,1163000000
Algeria,DZA,1999,1069000000
Algeria,DZA,2000,1142000000
Algeria,DZA,2001,981000000
Algeria,DZA,2002,954868000
Algeria,DZA,2003,964000000
Algeria,DZA,2004,950000000
Algeria,DZA,2005,929000000
Algeria,DZA,2006,821000000
Algeria,DZA,2007,757531000
Algeria,DZA,2008,937081000
Algeria,DZA,2009,1141000000
Algeria,DZA,2010,1045000000
Algeria,DZA,2011,1040000000
Algeria,DZA,2012,1141000000
Algeria,DZA,2014,1186000000
Algeria,DZA,2015,1269000000
Algeria,DZA,2016,1337000000
Algeria,DZA,2017,1550000000
Algeria,DZA,2018,1602000000
Arab World,,2002,570760000
Arab World,,2004,527230000
Arab World,,2005,571230000
Argentina,ARG,2005,8640762743.6806
Argentina,ARG,2006,9052390462.154999
Argentina,ARG,2007,8715438591.3024
Argentina,ARG,2008,9237510554.638
Argentina,ARG,2009,9108060368.713501
Argentina,ARG,2010,8817872366.9107
Argentina,ARG,2011,7287933390.2597
Argentina,ARG,2012,6002517792.9744005
Argentina,ARG,2013,5035001823.0423
Argentina,ARG,2014,5733577015.6505995
Argentina,ARG,2015,6883565230.7941
Argentina,ARG,2016,8065368463.5781
Argentina,ARG,2017,8360782022.185801
Armenia,ARM,1997,84000000
Armenia,ARM,1998,52000000
Armenia,ARM,1999,46000000
Armenia,ARM,2000,47000000
Armenia,ARM,2001,47000000
Armenia,ARM,2002,48000000
Armenia,ARM,2003,41000000
Armenia,ARM,2004,30000000
Armenia,ARM,2005,27000000
Armenia,ARM,2006,28000000
Armenia,ARM,2007,24000000
Armenia,ARM,2008,24000000
Armenia,ARM,2009,35000000
Armenia,ARM,2010,50000000
Armenia,ARM,2011,49000000
Armenia,ARM,2012,53000000
Armenia,ARM,2013,55000000
Armenia,ARM,2014,52000000
Armenia,ARM,2015,44000000
Armenia,ARM,2016,50000000
Armenia,ARM,2017,55000000
Australia,AUS,1995,10344505996.047
Australia,AUS,1996,10696252435.836
Australia,AUS,1997,10976875472.385
Australia,AUS,1998,10950918994.143
Australia,AUS,1999,11164803792.244
Australia,AUS,2000,11552161964.256
Australia,AUS,2001,12149624986.664
Australia,AUS,2002,12005657184.87
Australia,AUS,2003,12021773106.727
Australia,AUS,2004,12087046535.813
Australia,AUS,2005,12062893352.373
Australia,AUS,2006,12590874021.192
Australia,AUS,2007,13212731578.192001
Australia,AUS,2008,14276384048.686
Australia,AUS,2009,15004141598.34
Australia,AUS,2010,14992791860.609999
Australia,AUS,2011,15275793628
Australia,AUS,2012,15568963881.337
Australia,AUS,2013,15543667841.316
Australia,AUS,2014,15571083308.421999
Australia,AUS,2015,16016860652.115
Australia,AUS,2016,16503758569.102
Australia,AUS,2017,17039193726.877
Australia,AUS,2018,17585947168.902
Austria,AUT,1995,9625000000
Austria,AUT,1996,9689000000
Austria,AUT,1997,8140000000
Austria,AUT,1998,7971000000
Austria,AUT,1999,7995000000
Austria,AUT,2000,8206000000
Austria,AUT,2001,8240000000
Austria,AUT,2002,8300000000
Austria,AUT,2003,8249000000
Austria,AUT,2004,8295000000
Austria,AUT,2005,8470000000
Austria,AUT,2006,9296000000
Austria,AUT,2007,9580000000
Austria,AUT,2008,10837000000
Austria,AUT,2009,10653000000
Austria,AUT,2010,10737000000
Austria,AUT,2011,10875000000
Austria,AUT,2012,11323000000
Austria,AUT,2013,11915000000
Austria,AUT,2014,12092000000
Austria,AUT,2015,12208000000
Austria,AUT,2016,12578000000
Austria,AUT,2017,12656700000
Austria,AUT,2018,13204700000
Azerbaijan,AZE,1995,791000000
Azerbaijan,AZE,1996,558000000
Azerbaijan,AZE,1997,489000000
Azerbaijan,AZE,1998,533000000
Azerbaijan,AZE,1999,422000000
Azerbaijan,AZE,2000,493000000
Azerbaijan,AZE,2001,537000000
Azerbaijan,AZE,2002,584000000
Azerbaijan,AZE,2003,654000000
Azerbaijan,AZE,2004,789000000
Azerbaijan,AZE,2005,878000000
Azerbaijan,AZE,2006,964000000
Azerbaijan,AZE,2007,1108000000
Azerbaijan,AZE,2008,1049000000
Azerbaijan,AZE,2009,1024000000
Azerbaijan,AZE,2010,917000000
Azerbaijan,AZE,2011,660000000
Azerbaijan,AZE,2012,591000000
Azerbaijan,AZE,2013,609000000
Azerbaijan,AZE,2014,612000000
Azerbaijan,AZE,2015,495000000
Azerbaijan,AZE,2016,448000000
Azerbaijan,AZE,2017,467000000
Azerbaijan,AZE,2018,466000000
Bangladesh,BGD,1995,4037000000
Bangladesh,BGD,1996,3754000000
Bangladesh,BGD,1997,3753600000
Bangladesh,BGD,1998,3855500000
Bangladesh,BGD,1999,3678300000
Bangladesh,BGD,2000,3940700000
Bangladesh,BGD,2001,4209200000
Bangladesh,BGD,2002,3971800000
Bangladesh,BGD,2003,4024200000
Bangladesh,BGD,2004,4341500000
Bangladesh,BGD,2005,4164100000.0000005
Bangladesh,BGD,2007,4586000000
Bangladesh,BGD,2008,5609000000
Bangladesh,BGD,2009,6801000000
Bangladesh,BGD,2010,7304000000
Bangladesh,BGD,2011,8052000000
Bangladesh,BGD,2012,8787000000
Bangladesh,BGD,2013,8253000000
Bangladesh,BGD,2014,8135000000
Bangladesh,BGD,2015,8711000000
Bangladesh,BGD,2016,10040000000
Belarus,BLR,1995,12505000000
Belarus,BLR,1996,11657000000
Belarus,BLR,1997,12909000000
Belarus,BLR,1998,13268000000
Belarus,BLR,1999,16874000000
Belarus,BLR,2000,17722000000
Belarus,BLR,2001,15264000000
Belarus,BLR,2002,14349000000
Belarus,BLR,2003,13308000000
Belarus,BLR,2004,13893000000
Belarus,BLR,2005,10351000000
Belarus,BLR,2006,9968000000
Belarus,BLR,2007,9366000000
Belarus,BLR,2008,8188000000
Belarus,BLR,2009,7401000000
Belarus,BLR,2010,7578000000
Belarus,BLR,2011,7941000000
Belarus,BLR,2012,8977000000
Belarus,BLR,2013,8998000000
Belarus,BLR,2014,7796000000
Belarus,BLR,2015,7117000000
Belarus,BLR,2016,6428000000
Belarus,BLR,2017,6295000000
Belarus,BLR,2018,6215000000
Belgium,BEL,1995,6757000000
Belgium,BEL,1996,6788000000
Belgium,BEL,1997,6980000000
Belgium,BEL,1998,7097000000
Belgium,BEL,1999,7354000000
Belgium,BEL,2000,7755000000
Belgium,BEL,2001,8036000000
Belgium,BEL,2002,8260000000
Belgium,BEL,2003,8265000000
Belgium,BEL,2004,8676000000
Belgium,BEL,2005,9150000000
Belgium,BEL,2006,9607000000
Belgium,BEL,2007,9932000000
Belgium,BEL,2008,10406000000
Belgium,BEL,2009,10427000000
Belgium,BEL,2010,10403000000
Belgium,BEL,2011,11003000000
Belgium,BEL,2013,10595000000
Belgium,BEL,2014,10974000000
Belgium,BEL,2015,10333000000
Belgium,BEL,2016,10025000000
Belgium,BEL,2017,10167000000
Benin,BEN,1996,118000000
Benin,BEN,1997,120000000
Benin,BEN,1998,112000000
Benin,BEN,1999,108000000
Benin,BEN,2003,66000000
Bosnia and Herzegovina,BIH,1995,65000000
Bosnia and Herzegovina,BIH,1996,30000000
Bosnia and Herzegovina,BIH,1997,6000000
Bosnia and Herzegovina,BIH,1998,4000000
Bosnia and Herzegovina,BIH,1999,41000000
Bosnia and Herzegovina,BIH,2000,38000000
Bosnia and Herzegovina,BIH,2001,41000000
Bosnia and Herzegovina,BIH,2002,38000000
Bosnia and Herzegovina,BIH,2003,36000000
Bosnia and Herzegovina,BIH,2004,34000000
Bosnia and Herzegovina,BIH,2005,34000000
Bosnia and Herzegovina,BIH,2006,36000000
Bosnia and Herzegovina,BIH,2007,61000000
Bosnia and Herzegovina,BIH,2008,78000000
Bosnia and Herzegovina,BIH,2009,61000000
Bosnia and Herzegovina,BIH,2010,59000000
Bosnia and Herzegovina,BIH,2011,100000000
Bosnia and Herzegovina,BIH,2012,54000000
Bosnia and Herzegovina,BIH,2013,40000000
Bosnia and Herzegovina,BIH,2014,35000000
Bosnia and Herzegovina,BIH,2015,34000000
Bosnia and Herzegovina,BIH,2016,24000000
Bosnia and Herzegovina,BIH,2017,30000000
Botswana,BWA,1995,86000000
Botswana,BWA,1996,95800000
Botswana,BWA,1997,96000000
Botswana,BWA,1998,94000000
Botswana,BWA,1999,89000000
Botswana,BWA,2000,75000000
Botswana,BWA,2001,106000000
Botswana,BWA,2002,115000000
Botswana,BWA,2003,160000000
Botswana,BWA,2004,94000000
Botswana,BWA,2005,94000000
Botswana,BWA,2006,94000000
Brazil,BRA,2013,15191000000
Brazil,BRA,2014,15901000000
Brazil,BRA,2015,15877000000
Brazil,BRA,2016,15648000000
Brazil,BRA,2017,15807000000
Bulgaria,BGR,1995,4693000000
Bulgaria,BGR,1996,5065000000
Bulgaria,BGR,1997,5886000000
Bulgaria,BGR,1998,4740000000
Bulgaria,BGR,1999,3819000000
Bulgaria,BGR,2000,3472000000
Bulgaria,BGR,2001,2990000000
Bulgaria,BGR,2002,2598000000
Bulgaria,BGR,2003,2517000000
Bulgaria,BGR,2004,2404000000
Bulgaria,BGR,2005,2389000000
Bulgaria,BGR,2006,2422000000
Bulgaria,BGR,2007,2424000000
Bulgaria,BGR,2008,2335000000
Bulgaria,BGR,2009,2144000000
Bulgaria,BGR,2010,2100000000
Bulgaria,BGR,2011,2068000000
Bulgaria,BGR,2012,1876000000
Bulgaria,BGR,2013,1826000000
Bulgaria,BGR,2014,1702000000
Bulgaria,BGR,2015,1552000000
Bulgaria,BGR,2016,1458000000
Bulgaria,BGR,2017,1438000000
Bulgaria,BGR,2018,1479000000
Cambodia,KHM,1995,38600000
Cambodia,KHM,1996,42000000
Cambodia,KHM,1997,49000000
Cambodia,KHM,1998,43000000
Cambodia,KHM,1999,50200000
Cambodia,KHM,2000,45400000
Cambodia,KHM,2001,33000000
Cambodia,KHM,2003,45000000
Cambodia,KHM,2004,45000000
Cambodia,KHM,2005,45000000
Cameroon,CMR,1995,399000000
Cameroon,CMR,1996,334000000
Cameroon,CMR,1997,317000000
Cameroon,CMR,1998,281000000
Cameroon,CMR,1999,248800000
Cameroon,CMR,2000,327100000
Cameroon,CMR,2001,302800000
Cameroon,CMR,2002,308500000
Cameroon,CMR,2003,319000000
Cameroon,CMR,2004,308000000
Cameroon,CMR,2005,324000000
Cameroon,CMR,2006,361935000
Cameroon,CMR,2007,370000000
Cameroon,CMR,2008,377477000
Cameroon,CMR,2009,435390042.28510696
Cameroon,CMR,2010,463485000
Cameroon,CMR,2011,494747000
Cameroon,CMR,2017,262124000.00000003
Cameroon,CMR,2018,256872000
Canada,CAN,1995,1382000000
Canada,CAN,1996,1411000000
Canada,CAN,1997,1440000000
Canada,CAN,1998,1469000000
Canada,CAN,1999,1498000000
Canada,CAN,2000,1548000000
Canada,CAN,2001,1553000000
Canada,CAN,2002,1596000000
Canada,CAN,2003,1433000000
Canada,CAN,2004,1413000000
Canada,CAN,2005,1478000000
Canada,CAN,2006,1450000000
Canada,CAN,2007,1453000000
Canada,CAN,2008,1574000000
Canada,CAN,2009,1413000000
Canada,CAN,2010,1404000000
Canada,CAN,2011,1404000000
Canada,CAN,2012,1376000000
Canada,CAN,2013,1365000000
Canada,CAN,2014,1327000000
Canada,CAN,2015,1349000000
Canada,CAN,2016,1408000000
Canada,CAN,2017,1527000000
Canada,CAN,2018,1598000000
Central Europe and the Baltics,,1995,4202000000
Central Europe and the Baltics,,1996,3769000000
Central Europe and the Baltics,,1997,3057000000
Central Europe and the Baltics,,1998,3092000000
Central Europe and the Baltics,,1999,2968000000
Central Europe and the Baltics,,2000,2870000000
Central Europe and the Baltics,,2001,2805000000
Central Europe and the Baltics,,2002,2598000000
Central Europe and the Baltics,,2003,2316000000
Central Europe and the Baltics,,2004,2228000000
Central Europe and the Baltics,,2005,2182000000
Central Europe and the Baltics,,2006,2213000000
Central Europe and the Baltics,,2007,2165000000
Central Europe and the Baltics,,2008,2296000000
Central Europe and the Baltics,,2009,2144000000
Central Europe and the Baltics,,2010,2100000000
Central Europe and the Baltics,,2011,2068000000
Central Europe and the Baltics,,2012,1876000000
Central Europe and the Baltics,,2013,1826000000
Central Europe and the Baltics,,2014,1702000000
Central Europe and the Baltics,,2015,1552000000
Central Europe and the Baltics,,2016,1458000000
Central Europe and the Baltics,,2017,1438000000
Central Europe and the Baltics,,2018,2697000000
Chile,CHL,2010,696350480
Chile,CHL,2011,851582112
Chile,CHL,2012,933999552
Chile,CHL,2013,861780415
Chile,CHL,2014,662561655
Chile,CHL,2015,584365975
Chile,CHL,2016,582860352
Chile,CHL,2017,595783014
Chile,CHL,2018,676509974
China,CHN,1995,354570000000
China,CHN,1996,334760000000
China,CHN,1997,358486000000
China,CHN,1998,377342000000
China,CHN,1999,413590000000
China,CHN,2000,453259000000
China,CHN,2001,476682000000
China,CHN,2002,496940000000
China,CHN,2003,478861000000
China,CHN,2004,571220000000
China,CHN,2005,606196000000
China,CHN,2006,662212000000
China,CHN,2007,721631000000
China,CHN,2008,777860000000
China,CHN,2009,787889000000
China,CHN,2010,876218000000
China,CHN,2011,961229000000
China,CHN,2012,981233000000
China,CHN,2013,1059560000000
China,CHN,2014,1124190000000
China,CHN,2015,1196060000000
China,CHN,2016,1257930000000
China,CHN,2017,1345690000000
Congo,COG,1995,302000000
Congo,COG,1996,360000000
Congo,COG,1997,234497000
Congo,COG,1998,242000000
Congo,COG,2000,83900000
Congo,COG,2001,170900000
Congo,COG,2002,76000000
Congo,COG,2003,59000000
Congo,COG,2004,135000000
Congo,COG,2005,167500000
Congo,COG,2006,211000000
Congo,COG,2007,199000000
Congo,COG,2008,233000000
Congo,COG,2009,207000000
Congo,COG,2011,264560000
Congo,COG,2012,266470000.00000003
Cote d'Ivoire,CIV,1995,161000000
Cote d'Ivoire,CIV,1996,157512000
Cote d'Ivoire,CIV,1997,155000000
Cote d'Ivoire,CIV,1998,119000000
Cote d'Ivoire,CIV,1999,93100000
Cote d'Ivoire,CIV,2000,125910000
Cote d'Ivoire,CIV,2001,182000000
Cote d'Ivoire,CIV,2002,148000000
Croatia,HRV,1995,1139000000
Croatia,HRV,1996,1205000000
Croatia,HRV,1997,1158000000
Croatia,HRV,1998,1092000000
Croatia,HRV,1999,1137000000
Croatia,HRV,2000,1252000000
Croatia,HRV,2001,1241000000
Croatia,HRV,2002,1195000000
Croatia,HRV,2003,1163000000
Croatia,HRV,2004,1213000000
Croatia,HRV,2005,1266000000
Croatia,HRV,2006,1362000000
Croatia,HRV,2007,1611000000
Croatia,HRV,2008,1810000000
Croatia,HRV,2009,1835000000
Croatia,HRV,2010,1742000000
Croatia,HRV,2011,1486000000
Croatia,HRV,2012,1104000000
Croatia,HRV,2013,948000000
Croatia,HRV,2014,927000000
Croatia,HRV,2015,951000000
Croatia,HRV,2016,836000000
Croatia,HRV,2017,745000000
Croatia,HRV,2018,756000000
Cuba,CUB,1995,2188200000
Cuba,CUB,1996,2159200000
Cuba,CUB,1997,1962200000
Cuba,CUB,1998,1750400000
Cuba,CUB,1999,1498800000
Cuba,CUB,2000,1853000000
Cuba,CUB,2002,1681400000
Cuba,CUB,2003,2046100000
Cuba,CUB,2004,1759500000
Cuba,CUB,2005,1513800000
Cuba,CUB,2006,1233400000
Cuba,CUB,2007,1284800000
Czechia,CZE,1995,8023000000
Czechia,CZE,1996,8111000000
Czechia,CZE,1997,7721000000
Czechia,CZE,1998,7018000000
Czechia,CZE,1999,6957000000
Czechia,CZE,2000,7300000000
Czechia,CZE,2001,7299000000
Czechia,CZE,2002,6597000000
Czechia,CZE,2003,6518000000
Czechia,CZE,2004,6590000000
Czechia,CZE,2005,6667000000
Czechia,CZE,2006,6922000000
Czechia,CZE,2007,6900000000
Czechia,CZE,2008,6803000000
Czechia,CZE,2009,6503000000
Czechia,CZE,2010,6591000000
Czechia,CZE,2011,6714000000
Czechia,CZE,2012,7265000000
Czechia,CZE,2013,7601000000
Czechia,CZE,2014,7797000000
Czechia,CZE,2015,8298112591.999999
Czechia,CZE,2016,8843373268
Czechia,CZE,2017,9497566454
Czechia,CZE,2018,10286019000
Democratic Republic of Congo,COD,1995,60000000
Democratic Republic of Congo,COD,1996,146000000
Democratic Republic of Congo,COD,1997,161000000
Democratic Republic of Congo,COD,1998,143000000
Democratic Republic of Congo,COD,1999,146000000
Democratic Republic of Congo,COD,2000,188000000
Democratic Republic of Congo,COD,2001,222000000
Democratic Republic of Congo,COD,2002,160000000
Democratic Republic of Congo,COD,2003,142000000
Democratic Republic of Congo,COD,2004,140000000
Democratic Republic of Congo,COD,2005,140400000
Democratic Republic of Congo,COD,2006,94100000
Democratic Republic of Congo,COD,2007,84844512
Democratic Republic of Congo,COD,2008,89075046
Democratic Republic of Congo,COD,2009,34959846
Democratic Republic of Congo,COD,2010,36684160
Democratic Republic of Congo,COD,2011,24649634
Democratic Republic of Congo,COD,2012,22242204
Democratic Republic of Congo,COD,2013,30000000
Democratic Republic of Congo,COD,2014,20000000
Democratic Republic of Congo,COD,2015,16700000
Democratic Republic of Congo,COD,2016,28397202
Democratic Republic of Congo,COD,2017,22724000
Democratic Republic of Congo,COD,2018,29514000
Denmark,DNK,1995,4684000000
Denmark,DNK,1996,4621000000
Denmark,DNK,1997,4978000000
Denmark,DNK,1998,5163000000
Denmark,DNK,1999,5113000000
Denmark,DNK,2000,5537000000
Denmark,DNK,2001,5721000000
Denmark,DNK,2002,5754000000
Denmark,DNK,2003,5893000000
Denmark,DNK,2004,6074000000
Denmark,DNK,2005,6136000000
Denmark,DNK,2006,6274000000
Denmark,DNK,2007,6353000000
Denmark,DNK,2008,6475000000
Denmark,DNK,2009,6367000000
Denmark,DNK,2010,6577000000
Denmark,DNK,2011,6890000000
Denmark,DNK,2012,7020000000
Denmark,DNK,2013,7076000000
Denmark,DNK,2014,6808000000
Denmark,DNK,2015,6808000000
Denmark,DNK,2016,6653000000
Djibouti,DJI,1999,150000000
Djibouti,DJI,2000,145000000
Djibouti,DJI,2001,173000000
Djibouti,DJI,2002,127000000
Djibouti,DJI,2003,82000000
Djibouti,DJI,2005,145000000
East Asia & Pacific,,1995,4178000000
East Asia & Pacific,,1996,4294000000
East Asia & Pacific,,1997,3784000000
East Asia & Pacific,,1998,3948000000
East Asia & Pacific,,1999,7003000000
East Asia & Pacific,,2000,9935000000
East Asia & Pacific,,2001,10037000000
East Asia & Pacific,,2002,10022000000
East Asia & Pacific,,2003,8726000000
East Asia & Pacific,,2004,9195000000
East Asia & Pacific,,2005,10781446676.1865
East Asia & Pacific,,2007,12834865789.096
East Asia & Pacific,,2010,15741095930.305
East Asia & Pacific,,2011,16571896814
East Asia & Pacific,,2015,16016860652.115
East Asia & Pacific (IDA & IBRD),,1995,1701500000
East Asia & Pacific (IDA & IBRD),,1996,1923000000
East Asia & Pacific (IDA & IBRD),,1997,1964500000
East Asia & Pacific (IDA & IBRD),,1998,1969500000
East Asia & Pacific (IDA & IBRD),,1999,2018500000
East Asia & Pacific (IDA & IBRD),,2000,3200000000
East Asia & Pacific (IDA & IBRD),,2001,3697000000
East Asia & Pacific (IDA & IBRD),,2002,4115000000
East Asia & Pacific (IDA & IBRD),,2003,4041000000
East Asia & Pacific (IDA & IBRD),,2004,4163000000
East Asia & Pacific (IDA & IBRD),,2005,6876500000
East Asia & Pacific (IDA & IBRD),,2007,6348000000
East Asia & Pacific (IDA & IBRD),,2010,6282500000
East Asia & Pacific (IDA & IBRD),,2011,6301500000
East Asia & Pacific (IDA & IBRD),,2015,4233880000
East Asia & Pacific (IDA & IBRD),,2016,2880095132
East Asia & Pacific (IDA & IBRD),,2017,4838500000
East Asia & Pacific (excluding high income),,1995,1701500000
East Asia & Pacific (excluding high income),,1996,1923000000
East Asia & Pacific (excluding high income),,1997,1964500000
East Asia & Pacific (excluding high income),,1998,1969500000
East Asia & Pacific (excluding high income),,1999,2018500000
East Asia & Pacific (excluding high income),,2000,3200000000
East Asia & Pacific (excluding high income),,2001,3697000000
East Asia & Pacific (excluding high income),,2002,4115000000
East Asia & Pacific (excluding high income),,2003,4041000000
East Asia & Pacific (excluding high income),,2004,4163000000
East Asia & Pacific (excluding high income),,2005,6876500000
East Asia & Pacific (excluding high income),,2015,4233880000
Egypt,EGY,1995,52406000000
Egypt,EGY,1996,55438000000
Egypt,EGY,1997,60617000000
Egypt,EGY,1998,64860000000
Egypt,EGY,1999,67981000000
Egypt,EGY,2000,73565000000
Egypt,EGY,2001,46059000000
Egypt,EGY,2002,40837000000
Egypt,EGY,2004,41046000000
Egypt,EGY,2005,40800000000
Egypt,EGY,2006,40830000000
Egypt,EGY,2008,40837000000
El Salvador,SLV,1995,4500000
El Salvador,SLV,1996,4500000
Estonia,EST,1995,421000000
Estonia,EST,1996,309000000
Estonia,EST,1997,262000000
Estonia,EST,1998,236000000
Estonia,EST,1999,238000000
Estonia,EST,2000,263000000
Estonia,EST,2001,182000000
Estonia,EST,2002,178000000
Estonia,EST,2003,181000000
Estonia,EST,2004,192000000
Estonia,EST,2005,247000000
Estonia,EST,2006,256000000
Estonia,EST,2007,272000000
Estonia,EST,2008,274000000
Estonia,EST,2009,249000000
Estonia,EST,2010,248000000
Estonia,EST,2011,241000000
Estonia,EST,2012,236000000
Estonia,EST,2013,225000000
Estonia,EST,2014,282000000
Estonia,EST,2015,289000000
Estonia,EST,2016,316000000
Estonia,EST,2017,367000000
Estonia,EST,2018,417000000
Eswatini,SWZ,2007,500000
Eswatini,SWZ,2008,400000
Eswatini,SWZ,2009,221000
Eswatini,SWZ,2010,128000
Eswatini,SWZ,2011,68000
Euro area,,1995,4535500000
Euro area,,1996,4136000000
Euro area,,1997,3969500000
Euro area,,1998,3989500000
Euro area,,1999,3897500000
Euro area,,2000,3619500000
Euro area,,2001,3590500000
Euro area,,2002,3622000000
Euro area,,2003,3461500000
Euro area,,2004,3492500000
Euro area,,2005,3615500000
Euro area,,2006,3708000000
Euro area,,2007,3882500000
Euro area,,2008,4132500000
Euro area,,2009,4014000000
Euro area,,2010,4035000000
Euro area,,2011,4012500000
Euro area,,2012,3803000000
Euro area,,2013,3851000000
Euro area,,2014,3863000000
Euro area,,2015,4035000000
Euro area,,2016,4007000000
Euro area,,2017,4331000000
Euro area,,2018,4510500000
Europe & Central Asia,,1995,4684000000
Europe & Central Asia,,1996,4503000000
Europe & Central Asia,,1997,3969500000
Europe & Central Asia,,1998,3989500000
Europe & Central Asia,,1999,3617500000
Europe & Central Asia,,2000,3438500000
Europe & Central Asia,,2001,3277000000
Europe & Central Asia,,2002,3318000000
Europe & Central Asia,,2003,3461500000
Europe & Central Asia,,2004,3222000000
Europe & Central Asia,,2005,3753000000
Europe & Central Asia,,2006,3420000000
Europe & Central Asia,,2007,3611500000
Europe & Central Asia,,2008,4052000000
Europe & Central Asia,,2009,3738500000
Europe & Central Asia,,2010,3821000000
Europe & Central Asia,,2011,3763000000
Europe & Central Asia,,2012,3783000000
Europe & Central Asia,,2013,4232000000
Europe & Central Asia,,2014,3874000000
Europe & Central Asia,,2015,4035000000
Europe & Central Asia,,2016,4040000000
Europe & Central Asia,,2017,4282500000
Europe & Central Asia,,2018,4534000000
Europe & Central Asia (IDA & IBRD),,1995,2101000000
Europe & Central Asia (IDA & IBRD),,1996,1722000000
Europe & Central Asia (IDA & IBRD),,1997,1158000000
Europe & Central Asia (IDA & IBRD),,1998,1092000000
Europe & Central Asia (IDA & IBRD),,1999,789000000
Europe & Central Asia (IDA & IBRD),,2000,1236000000
Europe & Central Asia (IDA & IBRD),,2001,1118000000
Europe & Central Asia (IDA & IBRD),,2002,1036000000
Europe & Central Asia (IDA & IBRD),,2003,809000000
Europe & Central Asia (IDA & IBRD),,2004,1213000000
Europe & Central Asia (IDA & IBRD),,2005,1639000000
Europe & Central Asia (IDA & IBRD),,2006,1362000000
Europe & Central Asia (IDA & IBRD),,2007,1570000000
Europe & Central Asia (IDA & IBRD),,2008,1747500000
Europe & Central Asia (IDA & IBRD),,2009,1725000000
Europe & Central Asia (IDA & IBRD),,2010,1742000000
Europe & Central Asia (IDA & IBRD),,2011,1486000000
Europe & Central Asia (IDA & IBRD),,2012,1104000000
Europe & Central Asia (IDA & IBRD),,2013,948000000
Europe & Central Asia (IDA & IBRD),,2014,1314500000
Europe & Central Asia (IDA & IBRD),,2015,951000000
Europe & Central Asia (IDA & IBRD),,2016,836000000
Europe & Central Asia (IDA & IBRD),,2017,745000000
Europe & Central Asia (IDA & IBRD),,2018,1479000000
Europe & Central Asia (excluding high income),,1995,2101000000
Europe & Central Asia (excluding high income),,1996,1722000000
Europe & Central Asia (excluding high income),,1997,958000000
Europe & Central Asia (excluding high income),,1998,656000000
Europe & Central Asia (excluding high income),,1999,701000000
Europe & Central Asia (excluding high income),,2000,943000000
Europe & Central Asia (excluding high income),,2001,1047000000
Europe & Central Asia (excluding high income),,2002,769000000
Europe & Central Asia (excluding high income),,2003,654000000
Europe & Central Asia (excluding high income),,2004,821000000
Europe & Central Asia (excluding high income),,2005,1445000000
Europe & Central Asia (excluding high income),,2006,964000000
Europe & Central Asia (excluding high income),,2007,1108000000
Europe & Central Asia (excluding high income),,2008,1367000000
Europe & Central Asia (excluding high income),,2009,1024000000
Europe & Central Asia (excluding high income),,2010,917000000
Europe & Central Asia (excluding high income),,2011,660000000
Europe & Central Asia (excluding high income),,2012,625000000
Europe & Central Asia (excluding high income),,2013,612000000
Europe & Central Asia (excluding high income),,2014,1157000000
Europe & Central Asia (excluding high income),,2015,509000000
Europe & Central Asia (excluding high income),,2016,544500000
Europe & Central Asia (excluding high income),,2017,596700000
Europe & Central Asia (excluding high income),,2018,1479000000
European Union,,1995,5813000000
European Union,,1996,5926500000
European Union,,1997,6433000000
European Union,,1998,6090500000
European Union,,1999,6035000000
European Union,,2000,6418500000
European Union,,2001,6510000000
European Union,,2002,6175500000
European Union,,2003,6205500000
European Union,,2004,6332000000
European Union,,2005,6401500000
European Union,,2006,6598000000
European Union,,2007,6626500000
European Union,,2008,6639000000
European Union,,2009,6247500000
European Union,,2010,6007500000
European Union,,2011,5893500000
European Union,,2012,4571000000
European Union,,2013,5743500000
European Union,,2014,5892000000
European Union,,2015,5978500000
European Union,,2016,5820500000
European Union,,2017,5663000000
European Union,,2018,5577000000
Finland,FIN,1995,3184000000
Finland,FIN,1996,3254000000
Finland,FIN,1997,3376000000
Finland,FIN,1998,3377000000
Finland,FIN,1999,3415000000
Finland,FIN,2000,3405000000
Finland,FIN,2001,3282000000
Finland,FIN,2002,3318000000
Finland,FIN,2003,3338000000
Finland,FIN,2004,3352000000
Finland,FIN,2005,3478000000
Finland,FIN,2006,3540000000
Finland,FIN,2007,3778000000
Finland,FIN,2008,4052000000
Finland,FIN,2009,3876000000
Finland,FIN,2010,3959000000
Finland,FIN,2011,3882000000
Finland,FIN,2012,4035000000
Finland,FIN,2013,4053000000
Finland,FIN,2014,3874000000
Finland,FIN,2015,4113000000
Finland,FIN,2016,3868000000
Finland,FIN,2017,4271000000
Finland,FIN,2018,4534000000
France,FRA,1995,64444000000
France,FRA,1996,69183000000
France,FRA,1997,71016000000
France,FRA,1998,75175000000
France,FRA,1999,77111000000
France,FRA,2000,82253000000
France,FRA,2001,84180000000
France,FRA,2002,86186000000
France,FRA,2003,84151000000
France,FRA,2004,88567000000
France,FRA,2005,90859000000
France,FRA,2006,94590000000
France,FRA,2007,96709000000
France,FRA,2008,102721000000
France,FRA,2009,101821000000
France,FRA,2010,102167000000
France,FRA,2011,105596000000
France,FRA,2012,105956000000
France,FRA,2013,105214000000
France,FRA,2014,104589000000
France,FRA,2015,104849000000
France,FRA,2016,104208000000
France,FRA,2017,110469000000
France,FRA,2018,107920000000
Gabon,GAB,1995,77000000
Gabon,GAB,1996,85000000
Gabon,GAB,1997,85000000
Gabon,GAB,1999,87769000
Gabon,GAB,2000,94000000
Gabon,GAB,2001,63000000
Gabon,GAB,2002,97000000
Gabon,GAB,2003,86000000
Gabon,GAB,2004,92000000
Gabon,GAB,2005,95000000
Gabon,GAB,2006,76000000
Gabon,GAB,2007,99000000
Gabon,GAB,2008,95000000
Gabon,GAB,2009,102000000
Gabon,GAB,2010,111000000
Gabon,GAB,2011,118000000
Gabon,GAB,2012,127000000
Gabon,GAB,2013,125000000
Gabon,GAB,2014,109000000
Gabon,GAB,2015,112000000
Gabon,GAB,2016,127000000
Gabon,GAB,2017,174000000
Georgia,GEO,1995,371000000
Georgia,GEO,1996,380000000
Georgia,GEO,1997,294000000
Georgia,GEO,1998,397000000
Georgia,GEO,1999,349000000
Georgia,GEO,2000,453000000
Georgia,GEO,2001,401000000
Georgia,GEO,2002,401000000
Georgia,GEO,2003,396000000
Georgia,GEO,2004,614000000
Georgia,GEO,2005,713000000
Georgia,GEO,2006,808000000
Georgia,GEO,2007,773000000
Georgia,GEO,2008,674000000
Georgia,GEO,2009,626000000
Georgia,GEO,2010,654000000
Georgia,GEO,2011,641000000
Georgia,GEO,2012,625000000
Georgia,GEO,2013,585000000
Georgia,GEO,2014,550000000
Georgia,GEO,2015,464600000
Georgia,GEO,2016,544500000
Georgia,GEO,2017,596700000
Georgia,GEO,2018,633600000
Germany,DEU,1995,70977000000
Germany,DEU,1996,71730000000
Germany,DEU,1997,72403000000
Germany,DEU,1998,72666000000
Germany,DEU,1999,73796000000
Germany,DEU,2000,75404000000
Germany,DEU,2001,75754000000
Germany,DEU,2002,71366000000
Germany,DEU,2003,71293000000
Germany,DEU,2004,72879000000
Germany,DEU,2005,76824000000
Germany,DEU,2006,78995000000
Germany,DEU,2007,79107000000
Germany,DEU,2008,82539000000
Germany,DEU,2009,82253000000
Germany,DEU,2010,83886000000
Germany,DEU,2011,85414000000
Germany,DEU,2012,88796000000
Germany,DEU,2013,89615000000
Germany,DEU,2014,90976000000
Germany,DEU,2015,91603000000
Germany,DEU,2016,94197000000
Germany,DEU,2017,95530000000
Germany,DEU,2018,98000000000
Ghana,GHA,1995,233000000
Ghana,GHA,1996,211000000
Ghana,GHA,1997,176770000
Ghana,GHA,1998,191870000
Ghana,GHA,1999,128789999.99999999
Ghana,GHA,2000,83000000
Ghana,GHA,2003,85000000
Ghana,GHA,2006,85000000
Greece,GRC,1995,1568000000
Greece,GRC,1996,1751000000
Greece,GRC,1997,1812000000
Greece,GRC,1998,1551000000
Greece,GRC,1999,1882000000
Greece,GRC,2000,1628000000
Greece,GRC,2001,1797000000
Greece,GRC,2002,1836000000
Greece,GRC,2003,1574000000
Greece,GRC,2004,1669000000
Greece,GRC,2005,1854000000
Greece,GRC,2006,1811000000
Greece,GRC,2007,1930000000
Greece,GRC,2008,1657000000
Greece,GRC,2009,1414000000
Greece,GRC,2010,1337000000
Greece,GRC,2011,958000000
Greece,GRC,2012,832000000
Greece,GRC,2013,755000000
Greece,GRC,2014,1072000000
Greece,GRC,2015,1263000000
Greece,GRC,2016,1192000000
Greece,GRC,2017,1109000000
Greece,GRC,2018,1104000000
High income,,1995,6795000000
High income,,1996,6870500000
High income,,1997,7001000000
High income,,1998,7057500000
High income,,1999,7155500000
High income,,2000,7527500000
High income,,2001,7667500000
High income,,2002,7428500000
High income,,2003,7383500000
High income,,2004,7442500000
High income,,2005,7568500000
High income,,2006,8109000000
High income,,2007,7826000000
High income,,2008,8293000000
High income,,2009,9250000000
High income,,2010,7141500000
High income,,2011,7806000000
High income,,2012,7535500000
High income,,2013,7843000000
High income,,2014,7767500000
High income,,2015,7953636796
High income,,2016,8248414134.000001
High income,,2017,9497566454
High income,,2018,6151780000
Hungary,HUN,1995,8336000000
Hungary,HUN,1996,8582000000
Hungary,HUN,1997,8672000000
Hungary,HUN,1998,8884000000
Hungary,HUN,1999,9514000000
Hungary,HUN,2000,9693000000
Hungary,HUN,2001,10005000000
Hungary,HUN,2002,10531000000
Hungary,HUN,2003,10286000000
Hungary,HUN,2004,10544000000
Hungary,HUN,2005,9880000000
Hungary,HUN,2006,9584000000
Hungary,HUN,2007,8752000000
Hungary,HUN,2008,8293000000
Hungary,HUN,2009,8073000000
Hungary,HUN,2010,7692000000
Hungary,HUN,2011,7806000000
Hungary,HUN,2012,7806000000
Hungary,HUN,2013,7843000000
Hungary,HUN,2014,7738000000
Hungary,HUN,2015,7609161000
Hungary,HUN,2016,7653455000
Hungary,HUN,2017,7730982000
Hungary,HUN,2018,7769560000
IBRD only,,1995,1899000000
IBRD only,,1996,1799000000
IBRD only,,1997,1492000000
IBRD only,,1998,1382500000
IBRD only,,1999,1192000000
IBRD only,,2000,1254500000
IBRD only,,2001,1261000000
IBRD only,,2002,1195000000
IBRD only,,2003,1202500000
IBRD only,,2004,1286000000
IBRD only,,2005,2152000000
IBRD only,,2006,1435000000
IBRD only,,2007,2308500000
IBRD only,,2008,1810000000
IBRD only,,2009,2144000000
IBRD only,,2010,1955500000
IBRD only,,2011,2497000000
IBRD only,,2012,2645879300
IBRD only,,2013,4411000000
IBRD only,,2014,1756500000
IBRD only,,2015,1964330166
IBRD only,,2016,1908500000
IBRD only,,2017,2404044106.5
IDA & IBRD total,,1995,1139000000
IDA & IBRD total,,1996,988000000
IDA & IBRD total,,1997,920000000
IDA & IBRD total,,1998,613500000
IDA & IBRD total,,1999,600500000
IDA & IBRD total,,2000,718000000
IDA & IBRD total,,2001,981000000
IDA & IBRD total,,2002,593000000
IDA blend,,1995,408000000
IDA blend,,1996,384000000
IDA blend,,1997,436000000
IDA blend,,1998,346800000
IDA blend,,1999,1100000000
IDA blend,,2000,327100000
IDA blend,,2001,302800000
IDA blend,,2002,308500000
IDA blend,,2003,646000000
IDA blend,,2004,400912500
IDA blend,,2005,324000000
IDA blend,,2007,370000000
India,IND,1995,342000000000
India,IND,1996,357010000000
India,IND,1997,379900000000
India,IND,1998,403880000000
India,IND,1999,430670000000
India,IND,2000,458000000000
India,IND,2001,490900000000
India,IND,2002,515000000000
India,IND,2003,541200000000
India,IND,2004,575700000000
India,IND,2005,615614000000
India,IND,2006,695764000000
India,IND,2007,769956000000
India,IND,2008,838032000000
India,IND,2009,903465000000
India,IND,2010,978508000000
India,IND,2011,1046522000000
India,IND,2012,1098103000000
India,IND,2013,1140412000000
India,IND,2014,1147190000000
India,IND,2015,1143039000000
India,IND,2016,1149835000000
India,IND,2017,1161333000000
Indonesia,IDN,2000,19228000000
Indonesia,IDN,2001,18270000000
Indonesia,IDN,2002,16329000000
Indonesia,IDN,2003,15031000000
Indonesia,IDN,2004,14777000000
Indonesia,IDN,2005,14345000000
Indonesia,IDN,2006,15579000000
Indonesia,IDN,2007,15872000000
Indonesia,IDN,2008,17937000000
Indonesia,IDN,2009,19779000000
Indonesia,IDN,2010,20340000000
Indonesia,IDN,2011,19024000000
Indonesia,IDN,2012,17154000000
Indonesia,IDN,2013,16926000000
Indonesia,IDN,2014,20396000000
Indonesia,IDN,2015,22296000000
Indonesia,IDN,2016,21636000000
Indonesia,IDN,2017,25654000000
Indonesia,IDN,2018,28002000000
Indonesia,IDN,2019,29066000000
Iran,IRN,1995,7294000000
Iran,IRN,1996,7044000000
Iran,IRN,1997,6103000000
Iran,IRN,1998,5631000000
Iran,IRN,1999,6451000000
Iran,IRN,2000,7119000000
Iran,IRN,2001,8043000000
Iran,IRN,2002,8582000000
Iran,IRN,2003,9314000000
Iran,IRN,2004,10012000000
Iran,IRN,2005,11149000000
Iran,IRN,2006,12549000000
Iran,IRN,2007,13900000000
Iran,IRN,2008,15312000000
Iran,IRN,2009,16814000000
Iran,IRN,2010,17611000000
Iran,IRN,2011,17877000000
Iran,IRN,2012,17172000000
Iran,IRN,2013,17409000000
Iran,IRN,2014,16272000000
Iran,IRN,2015,14938000000
Iran,IRN,2016,12982000000
Iran,IRN,2017,13270000000
Iran,IRN,2018,15239000000
Iraq,IRQ,1995,2198000000
Iraq,IRQ,1996,1169000000
Iraq,IRQ,1997,1196000000
Iraq,IRQ,1998,821000000
Iraq,IRQ,1999,500000000
Iraq,IRQ,2000,379000000
Iraq,IRQ,2001,458000000
Iraq,IRQ,2002,570760000
Iraq,IRQ,2004,21400000
Iraq,IRQ,2005,24130000
Iraq,IRQ,2006,61000000
Iraq,IRQ,2008,53694000
Iraq,IRQ,2010,99683000
Ireland,IRL,1995,1291000000
Ireland,IRL,1996,1295000000
Ireland,IRL,1997,1387000000
Ireland,IRL,1998,1421000000
Ireland,IRL,1999,1458000000
Ireland,IRL,2000,1389000000
Ireland,IRL,2001,1515000000
Ireland,IRL,2002,1628000000
Ireland,IRL,2003,1601000000
Ireland,IRL,2004,1582000000
Ireland,IRL,2005,1781000000
Ireland,IRL,2006,1872000000
Ireland,IRL,2007,2007000000
Ireland,IRL,2008,1976000000
Ireland,IRL,2009,1683000000
Ireland,IRL,2010,1678000000
Ireland,IRL,2011,1638000000
Ireland,IRL,2012,1578000000
Ireland,IRL,2013,1592000000
Ireland,IRL,2014,1863000000
Ireland,IRL,2015,1917000000
Ireland,IRL,2016,1990000000
Ireland,IRL,2017,2121000000
Ireland,IRL,2018,2281000000
Israel,ISR,1995,267000000
Israel,ISR,1996,213600000
Israel,ISR,1997,346000000
Israel,ISR,1998,382600000
Israel,ISR,1999,529299999.99999994
Israel,ISR,2000,781500000
Israel,ISR,2001,960700000
Israel,ISR,2002,1116000000
Israel,ISR,2003,1278300000
Israel,ISR,2004,1422900000
Israel,ISR,2005,1617800000
Israel,ISR,2006,1609000000
Israel,ISR,2007,1834100000
Israel,ISR,2008,1968500000
Israel,ISR,2009,2011500000
Israel,ISR,2010,1986300000
Israel,ISR,2011,1926900000
Israel,ISR,2012,2133400000
Israel,ISR,2013,2376200000
Israel,ISR,2014,2485200000
Israel,ISR,2015,2608100000
Israel,ISR,2016,2644700000
Israel,ISR,2017,2765200000
Israel,ISR,2018,3031760000
Italy,ITA,1995,43859000000
Italy,ITA,1996,44782000000
Italy,ITA,1997,43591000000
Italy,ITA,1998,41392000000
Italy,ITA,1999,43424000000
Italy,ITA,2000,47133000000
Italy,ITA,2001,46752000000
Italy,ITA,2002,45956000000
Italy,ITA,2003,45222000000
Italy,ITA,2004,49254000000
Italy,ITA,2005,50088000000
Italy,ITA,2006,50185000000
Italy,ITA,2007,49780000000
Italy,ITA,2008,49524000000
Italy,ITA,2009,48124000000
Italy,ITA,2010,47172000000
Italy,ITA,2011,46845000000
Italy,ITA,2012,46759000000
Italy,ITA,2013,48739000000
Italy,ITA,2014,49957000000
Italy,ITA,2015,52207000000
Italy,ITA,2016,52178000000
Italy,ITA,2017,53231000000
Italy,ITA,2018,55493000000
Japan,JPN,1995,400084000000
Japan,JPN,1996,402156000000
Japan,JPN,1997,395278000000
Japan,JPN,1998,388917000000
Japan,JPN,1999,385098000000
Japan,JPN,2000,384287000000
Japan,JPN,2001,385402000000
Japan,JPN,2002,382239000000
Japan,JPN,2003,385012000000
Japan,JPN,2004,385163000000
Japan,JPN,2005,391215000000
Japan,JPN,2006,395908000000
Japan,JPN,2007,405544000000
Japan,JPN,2008,404585000000
Japan,JPN,2009,393765000000
Japan,JPN,2010,393466000000
Japan,JPN,2011,395067000000
Japan,JPN,2012,404396000000
Japan,JPN,2013,414387000000
Japan,JPN,2014,413970000000
Japan,JPN,2015,427486000000
Japan,JPN,2016,431799000000
Japan,JPN,2017,437363000000
Jordan,JOR,2002,1166301
Jordan,JOR,2003,1279700
Jordan,JOR,2004,1600000
Jordan,JOR,2005,1569000
Jordan,JOR,2008,387000
Jordan,JOR,2010,503537000
Kazakhstan,KAZ,1995,13159000000
Kazakhstan,KAZ,1996,14188000000
Kazakhstan,KAZ,1997,12801000000
Kazakhstan,KAZ,1998,10668000000
Kazakhstan,KAZ,1999,8859000000
Kazakhstan,KAZ,2000,10215000000
Kazakhstan,KAZ,2001,10384000000
Kazakhstan,KAZ,2002,10449000000
Kazakhstan,KAZ,2003,10686000000
Kazakhstan,KAZ,2004,11818000000
Kazakhstan,KAZ,2005,12129000000
Kazakhstan,KAZ,2006,13613000000
Kazakhstan,KAZ,2007,14314000000
Kazakhstan,KAZ,2008,14450000000
Kazakhstan,KAZ,2009,14860000000
Kazakhstan,KAZ,2010,15447880000
Kazakhstan,KAZ,2011,16595300000
Kazakhstan,KAZ,2012,18498000000
Kazakhstan,KAZ,2013,19125000000
Kazakhstan,KAZ,2014,18317000000
Kazakhstan,KAZ,2015,17085000000
Kazakhstan,KAZ,2016,18165100000
Kazakhstan,KAZ,2017,19241200000
Kazakhstan,KAZ,2018,19109700000
Kenya,KEN,1995,408000000
Kenya,KEN,1996,384000000
Kenya,KEN,1997,393000000
Kenya,KEN,1998,346800000
Kenya,KEN,1999,302000000
Kenya,KEN,2000,158700000
Kenya,KEN,2001,166200000
Kenya,KEN,2002,288000000
Kenya,KEN,2004,226000000
Kenya,KEN,2007,109240000
Kyrgyzstan,KGZ,1995,87000000
Kyrgyzstan,KGZ,1996,92000000
Kyrgyzstan,KGZ,1997,93000000
Kyrgyzstan,KGZ,1998,59000000
Kyrgyzstan,KGZ,1999,31000000
Kyrgyzstan,KGZ,2000,44000000
Kyrgyzstan,KGZ,2001,50000000
Kyrgyzstan,KGZ,2002,43000000
Kyrgyzstan,KGZ,2003,50000000
Kyrgyzstan,KGZ,2004,45000000
Kyrgyzstan,KGZ,2006,60300000
Kyrgyzstan,KGZ,2007,59900000
Kyrgyzstan,KGZ,2008,90200000
Kyrgyzstan,KGZ,2009,106100000
Kyrgyzstan,KGZ,2010,98700000
Kyrgyzstan,KGZ,2011,82800000
Kyrgyzstan,KGZ,2012,75800000
Kyrgyzstan,KGZ,2015,41000000
Kyrgyzstan,KGZ,2016,40800000
Kyrgyzstan,KGZ,2017,43000000
Kyrgyzstan,KGZ,2018,35000000
Late-demographic dividend,,1995,1373000000
Late-demographic dividend,,1996,1370000000
Late-demographic dividend,,1997,1345500000
Late-demographic dividend,,1998,1382500000
Late-demographic dividend,,1999,1192000000
Late-demographic dividend,,2000,1236000000
Late-demographic dividend,,2001,1181000000
Late-demographic dividend,,2002,1264000000
Late-demographic dividend,,2003,1242000000
Late-demographic dividend,,2004,1294000000
Late-demographic dividend,,2005,1781000000
Late-demographic dividend,,2006,1288500000
Late-demographic dividend,,2007,1487000000
Late-demographic dividend,,2008,1446500000
Late-demographic dividend,,2009,1024000000
Late-demographic dividend,,2010,1606000000
Late-demographic dividend,,2011,1638000000
Late-demographic dividend,,2012,1578000000
Late-demographic dividend,,2013,1592000000
Late-demographic dividend,,2014,1246250000
Late-demographic dividend,,2015,1246000000
Late-demographic dividend,,2016,1095500000
Late-demographic dividend,,2017,1164000000
Latvia,LVA,1995,1373000000
Latvia,LVA,1996,1182000000
Latvia,LVA,1997,1148000000
Latvia,LVA,1998,1059000000
Latvia,LVA,1999,984000000
Latvia,LVA,2000,715000000
Latvia,LVA,2001,706000000
Latvia,LVA,2002,744000000
Latvia,LVA,2003,762000000
Latvia,LVA,2004,811000000
Latvia,LVA,2005,894000000
Latvia,LVA,2006,992000000
Latvia,LVA,2007,983000000
Latvia,LVA,2008,951000000
Latvia,LVA,2009,756000000
Latvia,LVA,2010,749000000
Latvia,LVA,2011,741000000
Latvia,LVA,2012,725000000
Latvia,LVA,2013,729000000
Latvia,LVA,2014,649000000
Latvia,LVA,2015,591000000
Latvia,LVA,2016,584000000
Latvia,LVA,2017,596000000
Latvia,LVA,2018,624000000
Lithuania,LTU,1995,1130000000
Lithuania,LTU,1996,954000000
Lithuania,LTU,1997,842000000
Lithuania,LTU,1998,800000000
Lithuania,LTU,1999,745000000
Lithuania,LTU,2000,611000000
Lithuania,LTU,2001,533000000
Lithuania,LTU,2002,498000000
Lithuania,LTU,2003,432000000
Lithuania,LTU,2004,443000000
Lithuania,LTU,2005,428000000
Lithuania,LTU,2006,431000000
Lithuania,LTU,2007,409000000
Lithuania,LTU,2008,398000000
Lithuania,LTU,2009,357000000
Lithuania,LTU,2010,373000000
Lithuania,LTU,2011,389000000
Lithuania,LTU,2012,403000000
Lithuania,LTU,2013,391000000
Lithuania,LTU,2014,373000000
Lithuania,LTU,2015,361000000
Lithuania,LTU,2016,396000000
Lithuania,LTU,2017,424000000
Lithuania,LTU,2018,468000000
Low & middle income,,1995,1270000000
Low & middle income,,1996,935000000
Low & middle income,,1997,883000000
Low & middle income,,1998,571000000
Low & middle income,,1999,600500000
Low & middle income,,2000,718000000
Low & middle income,,2002,593000000
Lower middle income,,1995,1189500000
Lower middle income,,1996,866000000
Lower middle income,,1997,920000000
Lower middle income,,1998,982000000
Lower middle income,,1999,1041000000
Lower middle income,,2000,1199500000
Lower middle income,,2001,1281000000
Lower middle income,,2002,1168500000
Lower middle income,,2003,1006000000
Lower middle income,,2004,1294000000
Luxembourg,LUX,1995,286000000
Luxembourg,LUX,1996,284000000
Luxembourg,LUX,1997,295000000
Luxembourg,LUX,1998,300000000
Luxembourg,LUX,1999,310000000
Luxembourg,LUX,2000,332000000
Luxembourg,LUX,2001,346000000
Luxembourg,LUX,2002,268000000
Luxembourg,LUX,2003,262000000
Luxembourg,LUX,2004,266000000
Luxembourg,LUX,2005,272000000
Luxembourg,LUX,2006,298000000
Luxembourg,LUX,2007,316000000
Luxembourg,LUX,2008,345000000
Luxembourg,LUX,2009,333000000
Luxembourg,LUX,2010,347000000
Luxembourg,LUX,2011,349000000
Luxembourg,LUX,2012,373000000
Luxembourg,LUX,2013,394000000
Luxembourg,LUX,2014,409000000
Luxembourg,LUX,2015,383000000
Madagascar,MDG,1995,57000000
Madagascar,MDG,1996,46000000
Madagascar,MDG,1997,49000000
Madagascar,MDG,1998,45000000
Madagascar,MDG,1999,30584000
Madagascar,MDG,2000,24000000
Madagascar,MDG,2001,10000000
Madagascar,MDG,2002,10000000
Madagascar,MDG,2007,10000000
Malawi,MWI,2007,44000000
Malaysia,MYS,1995,1270000000
Malaysia,MYS,1996,1370000000
Malaysia,MYS,1997,1492000000
Malaysia,MYS,1998,1397000000
Malaysia,MYS,1999,1316000000
Malaysia,MYS,2000,1220000000
Malaysia,MYS,2001,1181000000
Malaysia,MYS,2002,2256000000
Malaysia,MYS,2003,1931000000
Malaysia,MYS,2004,1931000000
Malaysia,MYS,2005,2152000000
Malaysia,MYS,2006,2120000000
Malaysia,MYS,2007,2193000000
Malaysia,MYS,2008,2268000000
Malaysia,MYS,2009,2346450000
Malaysia,MYS,2010,2414880000
Malaysia,MYS,2011,2497000000
Malaysia,MYS,2012,2321358600
Malaysia,MYS,2013,2413241413
Malaysia,MYS,2014,1985694289
Malaysia,MYS,2015,1964330166
Malaysia,MYS,2016,2344190264
Malaysia,MYS,2017,2468088213
Malaysia,MYS,2018,2317063326
Mali,MLI,1995,254241533
Mali,MLI,1996,189109126
Mali,MLI,1997,223188014
Mali,MLI,1998,218199688.5
Mali,MLI,1999,210400000
Mali,MLI,2000,201400000
Mali,MLI,2001,208000000
Mali,MLI,2002,196300000
Mauritania,MRT,2007,47450000
Mauritania,MRT,2008,47000000
Mexico,MEX,1995,1899000000
Mexico,MEX,1996,1799000000
Mexico,MEX,1997,1508000000
Mexico,MEX,1998,460000000
Mexico,MEX,1999,254000000
Mexico,MEX,2000,82000000
Mexico,MEX,2001,67000000
Mexico,MEX,2002,69000000
Mexico,MEX,2003,78000000
Mexico,MEX,2004,74000000
Mexico,MEX,2005,73000000
Mexico,MEX,2006,76000000
Mexico,MEX,2007,84000000
Mexico,MEX,2008,178000000
Mexico,MEX,2009,449000000
Mexico,MEX,2010,844000000
Mexico,MEX,2011,891000000
Mexico,MEX,2012,970000000
Mexico,MEX,2013,1036000000
Mexico,MEX,2014,1150000000
Mexico,MEX,2015,1411000000
Mexico,MEX,2016,1481000000
Mexico,MEX,2017,1550000000
Mexico,MEX,2018,1591000000
Middle East & North Africa,,1995,1564000000
Middle East & North Africa,,1996,1169000000
Middle East & North Africa,,1997,1196000000
Middle East & North Africa,,1998,1136000000
Middle East & North Africa,,1999,1069000000
Middle East & North Africa,,2000,1142000000
Middle East & North Africa,,2001,981000000
Middle East & North Africa,,2002,1035434000
Middle East & North Africa,,2004,1122000000
Middle East & North Africa,,2005,1123000000
Middle East & North Africa,,2006,1407000000
Middle East & North Africa,,2008,1306510500
Middle East & North Africa (IDA & IBRD),,1995,1797000000
Middle East & North Africa (IDA & IBRD),,1996,1776000000
Middle East & North Africa (IDA & IBRD),,1997,1360000000
Middle East & North Africa (IDA & IBRD),,1998,1163000000
Middle East & North Africa (IDA & IBRD),,1999,1192000000
Middle East & North Africa (IDA & IBRD),,2000,1257000000
Middle East & North Africa (IDA & IBRD),,2001,1281000000
Middle East & North Africa (IDA & IBRD),,2002,1109434000
Middle East & North Africa (IDA & IBRD),,2003,1103000000
Middle East & North Africa (IDA & IBRD),,2004,1122000000
Middle East & North Africa (IDA & IBRD),,2005,1123000000
Middle East & North Africa (IDA & IBRD),,2006,1407000000
Middle East & North Africa (IDA & IBRD),,2008,1306510500
Middle East & North Africa (IDA & IBRD),,2010,1534000000
Middle East & North Africa (excluding high income),,1995,1797000000
Middle East & North Africa (excluding high income),,1996,1776000000
Middle East & North Africa (excluding high income),,1997,1360000000
Middle East & North Africa (excluding high income),,1998,1163000000
Middle East & North Africa (excluding high income),,1999,1192000000
Middle East & North Africa (excluding high income),,2000,1257000000
Middle East & North Africa (excluding high income),,2001,1281000000
Middle East & North Africa (excluding high income),,2002,1109434000
Middle East & North Africa (excluding high income),,2003,1103000000
Middle East & North Africa (excluding high income),,2004,1122000000
Middle East & North Africa (excluding high income),,2005,1123000000
Middle East & North Africa (excluding high income),,2006,1407000000
Middle East & North Africa (excluding high income),,2008,1306510500
Middle East & North Africa (excluding high income),,2010,1534000000
Middle income,,1995,1797000000
Middle income,,1996,1269500000
Middle income,,1997,1096000000
Middle income,,1998,982000000
Middle income,,1999,933000000
Middle income,,2000,1181000000
Middle income,,2001,1095000000
Middle income,,2002,1073000000
Middle income,,2003,973000000
Middle income,,2004,1114500000
Middle income,,2005,1415400000
Middle income,,2007,1570000000
Moldova,MDA,1995,1019000000
Moldova,MDA,1996,882000000
Moldova,MDA,1997,789000000
Moldova,MDA,1998,656000000
Moldova,MDA,1999,343000000
Moldova,MDA,2000,315000000
Moldova,MDA,2001,325000000
Moldova,MDA,2002,355000000
Moldova,MDA,2003,352000000
Moldova,MDA,2004,346000000
Moldova,MDA,2005,355000000
Moldova,MDA,2006,471000000
Moldova,MDA,2007,468000000
Moldova,MDA,2008,486000000
Moldova,MDA,2009,423000000
Moldova,MDA,2010,399000000
Moldova,MDA,2011,363000000
Moldova,MDA,2012,347000000
Moldova,MDA,2013,330000000
Moldova,MDA,2014,257000000
Moldova,MDA,2015,181000000
Moldova,MDA,2016,122000000
Moldova,MDA,2017,99000000
Moldova,MDA,2018,94500000
Mongolia,MNG,1995,680000000
Mongolia,MNG,1996,744000000
Mongolia,MNG,1997,957000000
Mongolia,MNG,1998,982000000
Mongolia,MNG,1999,1013000000
Mongolia,MNG,2000,1070000000
Mongolia,MNG,2001,1072000000
Mongolia,MNG,2002,1073000000
Mongolia,MNG,2003,1039000000
Mongolia,MNG,2004,1228000000
Mongolia,MNG,2006,1288500000
Mongolia,MNG,2007,1406000000
Mongolia,MNG,2008,1400000000
Mongolia,MNG,2009,1008000000
Mongolia,MNG,2010,2440000000
Mongolia,MNG,2011,2799000000
Mongolia,MNG,2012,2970400000
Mongolia,MNG,2013,1394000000
Mongolia,MNG,2014,1194500000
Mongolia,MNG,2015,996740000
Mongolia,MNG,2016,956000000
Mongolia,MNG,2017,973000000
Montenegro,MNE,2001,215000000
Montenegro,MNE,2002,192000000
Montenegro,MNE,2003,192000000
Montenegro,MNE,2004,130000000
Montenegro,MNE,2005,123000000
Montenegro,MNE,2006,132000000
Montenegro,MNE,2007,110000000
Montenegro,MNE,2008,125000000
Montenegro,MNE,2009,99000000
Montenegro,MNE,2010,91000000
Montenegro,MNE,2011,65000000
Montenegro,MNE,2012,62000000
Montenegro,MNE,2013,73000000
Montenegro,MNE,2014,76000000
Montenegro,MNE,2015,81000000
Montenegro,MNE,2016,84000000
Montenegro,MNE,2017,60000000
Morocco,MAR,1995,1564000000
Morocco,MAR,1996,1776000000
Morocco,MAR,1997,1856000000
Morocco,MAR,1998,1875000000
Morocco,MAR,1999,1880000000
Morocco,MAR,2000,1956000000
Morocco,MAR,2001,2019000000
Morocco,MAR,2002,2145000000
Morocco,MAR,2003,2374000000
Morocco,MAR,2004,2644000000
Morocco,MAR,2005,2987000000
Morocco,MAR,2006,3333000000
Morocco,MAR,2007,3659000000
Morocco,MAR,2008,3820000000
Morocco,MAR,2009,4190000000
Morocco,MAR,2010,4398000000
Morocco,MAR,2011,4819000000
Morocco,MAR,2012,5114000000
Morocco,MAR,2013,5397000000
Morocco,MAR,2014,5449000000
Morocco,MAR,2015,5507000000
Morocco,MAR,2016,5208000000
Morocco,MAR,2017,4923000000
Morocco,MAR,2018,4475000000
Mozambique,MOZ,1995,312000000
Mozambique,MOZ,1996,326000000
Mozambique,MOZ,1997,403000000
Mozambique,MOZ,1998,155000000
Mozambique,MOZ,1999,129000000
Mozambique,MOZ,2000,142000000
Mozambique,MOZ,2001,142000000
Mozambique,MOZ,2002,138000000
Mozambique,MOZ,2003,167000000
Mozambique,MOZ,2005,172200000
Mozambique,MOZ,2006,346700000
Mozambique,MOZ,2007,102300000
Mozambique,MOZ,2008,113600000
Mozambique,MOZ,2009,164000000
Mozambique,MOZ,2010,239400000
Mozambique,MOZ,2011,246800000
Myanmar,MMR,1995,4178000000
Myanmar,MMR,1996,4294000000
Myanmar,MMR,1997,3784000000
Myanmar,MMR,1998,3948000000
Myanmar,MMR,1999,4112000000
Myanmar,MMR,2000,4451000000
Myanmar,MMR,2001,4447000000
Myanmar,MMR,2002,4804000000
Myanmar,MMR,2003,4284000000
Myanmar,MMR,2004,4163000000
Netherlands,NLD,1995,13000000000
Netherlands,NLD,1996,13100000000
Netherlands,NLD,1997,14200000000
Netherlands,NLD,1998,14900000000
Netherlands,NLD,1999,15000000000
Netherlands,NLD,2000,15400000000
Netherlands,NLD,2001,15500000000
Netherlands,NLD,2002,15500000000
Netherlands,NLD,2003,14500000000
Netherlands,NLD,2004,14079000000
Netherlands,NLD,2005,14730000000
Netherlands,NLD,2006,15889000000
Netherlands,NLD,2007,15546000000
Netherlands,NLD,2008,15313000000
Netherlands,NLD,2009,15400000000
Netherlands,NLD,2010,15400000000
Netherlands,NLD,2011,16808000000
Netherlands,NLD,2012,17098000000
Netherlands,NLD,2013,17018000000
Netherlands,NLD,2014,17018000000
Netherlands,NLD,2015,17700000000
Netherlands,NLD,2016,18532000000
Netherlands,NLD,2017,18437000000
Netherlands,NLD,2018,18895000000
New Zealand,NZL,1995,366000000
New Zealand,NZL,1996,378000000
New Zealand,NZL,1997,396000000
New Zealand,NZL,1998,321000000
Nigeria,NGA,1997,479000000
Nigeria,NGA,2002,593000000
Nigeria,NGA,2003,973000000
Nigeria,NGA,2004,493825000
Nigeria,NGA,2005,173632000
North America,,1995,11730598758.6755
North America,,1996,11638304797.467001
North America,,1997,12093178851.524
North America,,1998,12479695663.5165
North America,,1999,12704337495.2125
North America,,2000,13762640724.46
North America,,2001,13375547651.874
North America,,2002,13002811255.7225
North America,,2003,13238535904.954
North America,,2004,13094781004.439999
North America,,2005,13435795814.741499
North America,,2006,14373216203.8515
North America,,2007,15905453356.4305
North America,,2008,16858703008.2165
North America,,2009,16159965818.757
North America,,2010,16637835959.575499
North America,,2011,16991755100.4165
North America,,2012,17750850327.555
North America,,2013,18706052470.5855
North America,,2014,18860053244.2665
North America,,2015,18696437840.6955
North America,,2016,18650078677.7845
North America,,2017,17391271303.329998
North America,,2018,16780353318.367498
North Macedonia,MKD,1995,65000000
North Macedonia,MKD,1996,120000000
North Macedonia,MKD,1997,141000000
North Macedonia,MKD,1998,150000000
North Macedonia,MKD,1999,150000000
North Macedonia,MKD,2000,176000000
North Macedonia,MKD,2001,133000000
North Macedonia,MKD,2002,98000000
North Macedonia,MKD,2003,92000000
North Macedonia,MKD,2004,94000000
North Macedonia,MKD,2005,94000000
North Macedonia,MKD,2006,105000000
North Macedonia,MKD,2007,109000000
North Macedonia,MKD,2008,148000000
North Macedonia,MKD,2009,154000000
North Macedonia,MKD,2010,155000000
North Macedonia,MKD,2011,145000000
North Macedonia,MKD,2012,99000000
North Macedonia,MKD,2013,80000000
North Macedonia,MKD,2014,80000000
North Macedonia,MKD,2015,178000000
North Macedonia,MKD,2016,83000000
North Macedonia,MKD,2017,59000000
North Macedonia,MKD,2018,64000000
Norway,NOR,1995,2681000000
Norway,NOR,1996,2803000000
Norway,NOR,1997,2941000000
Norway,NOR,1998,3071000000
Norway,NOR,1999,3416000000
Norway,NOR,2000,3353000000
Norway,NOR,2001,3272000000
Norway,NOR,2002,2989000000
Norway,NOR,2003,2896000000
Norway,NOR,2004,3092000000
Norway,NOR,2005,3203000000
Norway,NOR,2006,3300000000
Norway,NOR,2007,3445000000
Norway,NOR,2008,3631000000
Norway,NOR,2009,3601000000
Norway,NOR,2010,3683000000
Norway,NOR,2011,3644000000
Norway,NOR,2012,3783000000
Norway,NOR,2013,3943000000
Norway,NOR,2014,4148000000
Norway,NOR,2015,4318000000
Norway,NOR,2016,4527000000
OECD members,,1995,6757000000
OECD members,,1996,6788000000
OECD members,,1997,6980000000
OECD members,,1998,7018000000
OECD members,,1999,7155500000
OECD members,,2000,7527500000
OECD members,,2001,7667500000
OECD members,,2002,7428500000
OECD members,,2003,7383500000
OECD members,,2004,7442500000
OECD members,,2005,7568500000
OECD members,,2006,8109000000
OECD members,,2007,7826000000
OECD members,,2008,7548000000
OECD members,,2009,7288000000
OECD members,,2010,6591000000
OECD members,,2011,7122000000
OECD members,,2012,7142500000
OECD members,,2013,7601000000
OECD members,,2014,7738000000
OECD members,,2015,8298112591.999999
OECD members,,2016,7829000000
OECD members,,2017,9497566454
OECD members,,2018,8353780000.000001
Pakistan,PAK,1995,17555000000
Pakistan,PAK,1996,18905000000
Pakistan,PAK,1997,19114000000
Pakistan,PAK,1998,18774000000
Pakistan,PAK,1999,18980000000
Pakistan,PAK,2000,18495000000
Pakistan,PAK,2001,19589000000
Pakistan,PAK,2002,20782000000
Pakistan,PAK,2003,22306000000
Pakistan,PAK,2004,23045000000
Pakistan,PAK,2005,24238000000
Pakistan,PAK,2006,25621000000
Pakistan,PAK,2007,26446000000
Pakistan,PAK,2008,24731000000
Pakistan,PAK,2011,20619000000
Pakistan,PAK,2014,19779000000
Pakistan,PAK,2015,20288000000
Pakistan,PAK,2016,21201000000
Pakistan,PAK,2017,22476000000
Pakistan,PAK,2018,24903000000
Peru,PER,1996,172480000
Peru,PER,1997,159190000
Peru,PER,1998,127000000
Philippines,PHL,1995,220000000
Philippines,PHL,1996,123500000
Philippines,PHL,1997,214600000
Philippines,PHL,1998,247000000
Philippines,PHL,1999,215000000
Philippines,PHL,2000,123000000
Philippines,PHL,2001,107000000
Philippines,PHL,2002,93000000
Philippines,PHL,2003,83000000
Philippines,PHL,2004,83000000
Philippines,PHL,2015,342000000
Philippines,PHL,2016,384000000
Poland,POL,1995,26635000000
Poland,POL,1996,26569000000
Poland,POL,1997,25806000000
Poland,POL,1998,25664000000
Poland,POL,1999,26198000000
Poland,POL,2000,24092000000
Poland,POL,2001,22469000000
Poland,POL,2002,20749000000
Poland,POL,2003,19638000000
Poland,POL,2004,18690000000
Poland,POL,2005,18157000000
Poland,POL,2006,18552000000
Poland,POL,2007,19859000000
Poland,POL,2008,20195000000
Poland,POL,2009,18637000000
Poland,POL,2010,17921000000
Poland,POL,2011,18177000000
Poland,POL,2012,17826000000
Poland,POL,2013,16797000000
Poland,POL,2014,16015000000
Poland,POL,2015,17367000000
Poland,POL,2016,19175000000
Poland,POL,2017,20319000000
Poland,POL,2018,21043000000
Portugal,PRT,1995,4869000000
Portugal,PRT,1996,4503000000
Portugal,PRT,1997,4563000000
Portugal,PRT,1998,4602000000
Portugal,PRT,1999,4380000000
Portugal,PRT,2000,3834000000
Portugal,PRT,2001,3899000000
Portugal,PRT,2002,3926000000
Portugal,PRT,2003,3585000000
Portugal,PRT,2004,3633000000
Portugal,PRT,2005,3753000000
Portugal,PRT,2006,3876000000
Portugal,PRT,2007,3987000000
Portugal,PRT,2008,4213000000
Portugal,PRT,2009,4152000000
Portugal,PRT,2010,4111000000
Portugal,PRT,2011,4143000000
Portugal,PRT,2012,3803000000
Portugal,PRT,2013,3649000000
Portugal,PRT,2014,3852000000
Portugal,PRT,2015,3957000000
Portugal,PRT,2016,4146000000
Portugal,PRT,2017,4391000000
Portugal,PRT,2018,4487000000
Post-demographic dividend,,1995,8023000000
Post-demographic dividend,,1996,8111000000
Post-demographic dividend,,1997,7721000000
Post-demographic dividend,,1998,7210000000
Post-demographic dividend,,1999,7848000000
Post-demographic dividend,,2000,8224500000
Post-demographic dividend,,2001,8732000000
Post-demographic dividend,,2002,8587000000
Post-demographic dividend,,2003,8549500000
Post-demographic dividend,,2004,8667000000
Post-demographic dividend,,2005,9043000000
Post-demographic dividend,,2006,9595500000
Post-demographic dividend,,2007,9473000000
Post-demographic dividend,,2008,10406000000
Post-demographic dividend,,2009,10427000000
Post-demographic dividend,,2010,10403000000
Post-demographic dividend,,2011,10875000000
Post-demographic dividend,,2012,10150000000
Post-demographic dividend,,2013,10595000000
Post-demographic dividend,,2014,10974000000
Post-demographic dividend,,2015,10333000000
Post-demographic dividend,,2016,10025000000
Post-demographic dividend,,2017,12656700000
Post-demographic dividend,,2018,13204700000
Romania,ROU,1995,18879000000
Romania,ROU,1996,18356000000
Romania,ROU,1997,15795000000
Romania,ROU,1998,13422000000
Romania,ROU,1999,12304000000
Romania,ROU,2000,11632000000
Romania,ROU,2001,10966000000
Romania,ROU,2002,8502000000
Romania,ROU,2003,8529000000
Romania,ROU,2004,8638000000
Romania,ROU,2005,7985000000
Romania,ROU,2006,8092000000
Romania,ROU,2007,7476000000
Romania,ROU,2008,6958000000
Romania,ROU,2009,6128000000
Romania,ROU,2010,5438000000
Romania,ROU,2011,5073000000
Romania,ROU,2012,4571000000
Romania,ROU,2013,4411000000
Romania,ROU,2014,4976000000
Romania,ROU,2015,5149000000
Romania,ROU,2016,4988000000
Romania,ROU,2017,5663000000
Romania,ROU,2018,5577000000
Russia,RUS,1995,192217000000
Russia,RUS,1996,181213000000
Russia,RUS,1997,170318000000
Russia,RUS,1998,152932000000
Russia,RUS,1999,141042000000
Russia,RUS,2000,167054000000
Russia,RUS,2001,157901000000
Russia,RUS,2002,152871000000
Russia,RUS,2003,157573000000
Russia,RUS,2004,164272000000
Russia,RUS,2005,172217000000
Russia,RUS,2006,177838000000
Russia,RUS,2007,174085000000
Russia,RUS,2008,175872000000
Russia,RUS,2009,151467000000
Russia,RUS,2010,138885000000
Russia,RUS,2011,139742000000
Russia,RUS,2012,144612000000
Russia,RUS,2013,138517000000
Russia,RUS,2014,130027000000
Russia,RUS,2015,120644000000
Russia,RUS,2016,124620000000
Russia,RUS,2017,123096000000
Russia,RUS,2018,129542000000
Saudi Arabia,SAU,1995,164000000
Saudi Arabia,SAU,1996,181000000
Saudi Arabia,SAU,1997,213000000
Saudi Arabia,SAU,1998,219000000
Saudi Arabia,SAU,1999,267000000
Saudi Arabia,SAU,2000,288000000
Saudi Arabia,SAU,2001,257000000
Saudi Arabia,SAU,2002,239000000
Saudi Arabia,SAU,2003,293000000
Saudi Arabia,SAU,2004,364000000
Saudi Arabia,SAU,2005,399000000
Saudi Arabia,SAU,2006,369000000
Saudi Arabia,SAU,2007,344000000
Saudi Arabia,SAU,2008,337000000
Saudi Arabia,SAU,2010,297072000
Saudi Arabia,SAU,2017,49670000
Saudi Arabia,SAU,2018,134650000
Senegal,SEN,1995,174000000
Senegal,SEN,1996,103000000
Senegal,SEN,1997,78000000
Senegal,SEN,1998,63000000
Senegal,SEN,1999,71000000
Senegal,SEN,2000,138000000
Senegal,SEN,2001,136000000
Senegal,SEN,2002,136000000
Senegal,SEN,2003,137000000
Senegal,SEN,2004,138000000
Senegal,SEN,2005,134000000
Senegal,SEN,2006,129000000
Serbia,SRB,1995,2326000000
Serbia,SRB,1996,1415000000
Serbia,SRB,1997,1304000000
Serbia,SRB,1998,1368000000
Serbia,SRB,1999,789000000
Serbia,SRB,2000,1236000000
Serbia,SRB,2001,1047000000
Serbia,SRB,2002,954000000
Serbia,SRB,2003,809000000
Serbia,SRB,2004,821000000
Serbia,SRB,2005,713000000
Serbia,SRB,2006,684000000
Serbia,SRB,2007,687000000
Serbia,SRB,2008,583000000
Serbia,SRB,2009,522000000
Serbia,SRB,2010,522000000
Serbia,SRB,2011,541000000
Serbia,SRB,2012,540000000
Serbia,SRB,2013,612000000
Serbia,SRB,2014,453000000
Serbia,SRB,2015,509000000
Serbia,SRB,2016,438000000
Serbia,SRB,2017,377000000
Slovakia,SVK,1995,4202000000
Slovakia,SVK,1996,3769000000
Slovakia,SVK,1997,3057000000
Slovakia,SVK,1998,3092000000
Slovakia,SVK,1999,2968000000
Slovakia,SVK,2000,2870000000
Slovakia,SVK,2001,2805000000
Slovakia,SVK,2002,2682000000
Slovakia,SVK,2003,2316000000
Slovakia,SVK,2004,2228000000
Slovakia,SVK,2005,2182000000
Slovakia,SVK,2006,2213000000
Slovakia,SVK,2007,2165000000
Slovakia,SVK,2008,2296000000
Slovakia,SVK,2009,2264000000
Slovakia,SVK,2010,2309000000
Slovakia,SVK,2011,2431000000
Slovakia,SVK,2012,2459000000
Slovakia,SVK,2013,2485000000
Slovakia,SVK,2014,2583000000
Slovakia,SVK,2015,3411000000
Slovakia,SVK,2016,3595000000
Slovakia,SVK,2017,3873000000
Slovakia,SVK,2018,3915000000
Slovenia,SVN,1995,595000000
Slovenia,SVN,1996,613000000
Slovenia,SVN,1997,616000000
Slovenia,SVN,1998,645000000
Slovenia,SVN,1999,623000000
Slovenia,SVN,2000,705000000
Slovenia,SVN,2001,715000000
Slovenia,SVN,2002,749000000
Slovenia,SVN,2003,777000000
Slovenia,SVN,2004,764000000
Slovenia,SVN,2005,777000000
Slovenia,SVN,2006,793000000
Slovenia,SVN,2007,812000000
Slovenia,SVN,2008,834000000
Slovenia,SVN,2009,840000000
Slovenia,SVN,2010,813000000
Slovenia,SVN,2011,773000000
Slovenia,SVN,2012,742000000
Slovenia,SVN,2013,760000000
Slovenia,SVN,2014,697000000
Slovenia,SVN,2015,709000000
Slovenia,SVN,2016,680000000
Slovenia,SVN,2017,650000000
South Africa,ZAF,1995,10243000000
South Africa,ZAF,1996,10978000000
South Africa,ZAF,1997,12551000000
South Africa,ZAF,1998,12728000000
South Africa,ZAF,1999,11564000000
South Africa,ZAF,2000,11890000000
South Africa,ZAF,2001,13023000000
South Africa,ZAF,2002,1126000000
South Africa,ZAF,2003,996000000
South Africa,ZAF,2004,1001000000
South Africa,ZAF,2005,991000000
South Africa,ZAF,2007,13864979578
South Asia,,1995,10796000000
South Asia,,1996,11329500000
South Asia,,1997,11433800000
South Asia,,1998,11314750000
South Asia,,1999,11329150000
South Asia,,2000,11217850000
South Asia,,2001,11899100000
South Asia,,2002,12430500000
South Asia,,2003,13282000000
South Asia,,2004,13863500000
South Asia,,2005,14297800000
South Asia,,2007,15606500000
South Asia,,2008,24731000000
South Asia,,2011,14335500000
South Asia,,2012,8787000000
South Asia,,2013,8253000000
South Asia,,2014,19779000000
South Asia,,2015,14499500000
South Asia,,2016,21201000000
South Asia (IDA & IBRD),,1995,10796000000
South Asia (IDA & IBRD),,1996,11329500000
South Asia (IDA & IBRD),,1997,11433800000
South Asia (IDA & IBRD),,1998,11314750000
South Asia (IDA & IBRD),,1999,11329150000
South Asia (IDA & IBRD),,2000,11217850000
South Asia (IDA & IBRD),,2001,11899100000
South Asia (IDA & IBRD),,2002,12430500000
South Asia (IDA & IBRD),,2003,13282000000
South Asia (IDA & IBRD),,2004,13863500000
South Asia (IDA & IBRD),,2005,14297800000
South Asia (IDA & IBRD),,2007,15606500000
South Asia (IDA & IBRD),,2008,24731000000
South Asia (IDA & IBRD),,2011,14335500000
South Asia (IDA & IBRD),,2012,8787000000
South Asia (IDA & IBRD),,2013,8253000000
South Asia (IDA & IBRD),,2014,19779000000
South Asia (IDA & IBRD),,2015,14499500000
South Asia (IDA & IBRD),,2016,21201000000
South Korea,KOR,1995,43340000000
South Korea,KOR,1996,42439000000
South Korea,KOR,1997,41764000000
South Korea,KOR,1998,44121000000
South Korea,KOR,1999,46851000000
South Korea,KOR,2000,49558000000
South Korea,KOR,2001,59151000000
South Korea,KOR,2002,51929000000
South Korea,KOR,2003,50983000000
South Korea,KOR,2004,52749000000
South Korea,KOR,2005,54641000000
South Korea,KOR,2006,55526000000
South Korea,KOR,2007,55730000000
South Korea,KOR,2008,56766000000
South Korea,KOR,2009,55489000000
South Korea,KOR,2010,58381000000
South Korea,KOR,2011,63044000000
South Korea,KOR,2012,70079000000
South Korea,KOR,2013,66353000000
South Korea,KOR,2014,67860000000
South Korea,KOR,2015,68371000000
South Korea,KOR,2016,86871000000
South Korea,KOR,2017,89964000000
Spain,ESP,1995,16594000000
Spain,ESP,1996,16800000000
Spain,ESP,1997,17878000000
Spain,ESP,1998,18869000000
Spain,ESP,1999,19655000000
Spain,ESP,2000,20144000000
Spain,ESP,2001,20828000000
Spain,ESP,2002,21211000000
Spain,ESP,2003,21127000000
Spain,ESP,2004,20386000000
Spain,ESP,2005,21624000000
Spain,ESP,2006,22105000000
Spain,ESP,2007,21857000000
Spain,ESP,2008,23969000000
Spain,ESP,2009,23137000000
Spain,ESP,2010,22456000000
Spain,ESP,2011,22795000000
Spain,ESP,2012,22476000000
Spain,ESP,2013,23788000000
Spain,ESP,2014,25072000000
Spain,ESP,2015,26142000000
Spain,ESP,2016,26670000000
Spain,ESP,2017,27487000000
Spain,ESP,2018,28434000000
Sri Lanka,LKA,1995,3321000000
Sri Lanka,LKA,1996,3103000000
Sri Lanka,LKA,1997,3147000000
Sri Lanka,LKA,1998,3241000000
Sri Lanka,LKA,1999,3104000000
Sri Lanka,LKA,2000,3208000000
Sri Lanka,LKA,2001,3979000000
Sri Lanka,LKA,2002,4079000000
Sri Lanka,LKA,2003,4258000000
Sri Lanka,LKA,2004,4682000000
Sri Lanka,LKA,2005,4357600000
Sri Lanka,LKA,2007,4767000000
Sri Lanka,LKA,2011,4574190000
Sri Lanka,LKA,2012,5039450000
Sri Lanka,LKA,2013,6257380000
Sri Lanka,LKA,2015,7407390000
Sudan,SDN,1995,0
Sudan,SDN,1996,185000000
Sudan,SDN,1997,142000000
Sudan,SDN,1998,124000000
Sudan,SDN,1999,129000000
Sudan,SDN,2000,205000000
Sudan,SDN,2001,90000000
Sudan,SDN,2002,73000000
Sudan,SDN,2003,52000000
Sudan,SDN,2004,32000000
Sudan,SDN,2005,40000000
Sudan,SDN,2006,34000000
Sudan,SDN,2010,25000000
Sudan,SDN,2011,13000000
Sudan,SDN,2013,7200000
Sudan,SDN,2014,81500000
Sweden,SWE,1995,6833000000
Sweden,SWE,1996,6953000000
Sweden,SWE,1997,7022000000
Sweden,SWE,1998,7210000000
Sweden,SWE,1999,7701000000
Sweden,SWE,2000,8243000000
Sweden,SWE,2001,8732000000
Sweden,SWE,2002,8874000000
Sweden,SWE,2003,8834000000
Sweden,SWE,2004,8658000000
Sweden,SWE,2005,8936000000
Sweden,SWE,2006,9617000000
Sweden,SWE,2007,10261000000
Sweden,SWE,2008,11146000000
Sweden,SWE,2009,11321000000
Sweden,SWE,2010,11155000000
Sweden,SWE,2011,11378000000
Sweden,SWE,2012,11792000000
Sweden,SWE,2013,11842000000
Sweden,SWE,2014,12121000000
Sweden,SWE,2015,12650000000
Sweden,SWE,2016,12800000000
Sweden,SWE,2017,13331000000
Sweden,SWE,2018,13778000000
Switzerland,CHE,1995,11713000000
Switzerland,CHE,1996,11890000000
Switzerland,CHE,1997,12051000000
Switzerland,CHE,1998,12148000000
Switzerland,CHE,1999,12501000000
Switzerland,CHE,2000,12620000000
Switzerland,CHE,2001,13301000000
Switzerland,CHE,2002,14147000000
Switzerland,CHE,2003,14509000000
Switzerland,CHE,2004,14914000000
Switzerland,CHE,2005,16144000000
Switzerland,CHE,2006,16578000000
Switzerland,CHE,2007,17434000000
Switzerland,CHE,2008,17776000000
Switzerland,CHE,2009,18571000000
Switzerland,CHE,2010,19177000000
Switzerland,CHE,2011,19471000000
Switzerland,CHE,2012,19262000000
Switzerland,CHE,2013,19447000000
Switzerland,CHE,2014,20010000000
Switzerland,CHE,2015,20389000000
Switzerland,CHE,2016,20812000000
Switzerland,CHE,2017,20864500000
Syria,SYR,1995,492000000
Syria,SYR,1996,452000000
Syria,SYR,1997,292000000
Syria,SYR,1998,182000000
Syria,SYR,1999,187000000
Syria,SYR,2000,196000000
Syria,SYR,2001,304000000
Syria,SYR,2002,364600000
Syria,SYR,2003,527700000.00000006
Syria,SYR,2004,527230000
Syria,SYR,2005,571230000
Syria,SYR,2006,658000000
Syria,SYR,2007,744177000
Syria,SYR,2008,1120021000
Syria,SYR,2010,1857435000
Syria,SYR,2013,1223000000
Tajikistan,TJK,1995,122000000
Tajikistan,TJK,1996,92000000
Tajikistan,TJK,1997,150000000
Tajikistan,TJK,1998,142000000
Tajikistan,TJK,1999,82000000
Tajikistan,TJK,2000,73000000
Tajikistan,TJK,2001,33000000
Tajikistan,TJK,2002,41600000
Tajikistan,TJK,2003,50000000
Tajikistan,TJK,2004,50000000
Tajikistan,TJK,2006,52380000
Tajikistan,TJK,2007,53000000
Tajikistan,TJK,2009,45000000
Tajikistan,TJK,2010,32799999.999999996
Tajikistan,TJK,2011,31500000
Tajikistan,TJK,2012,24000000
Tajikistan,TJK,2014,18000000
Tajikistan,TJK,2015,16000000
Tajikistan,TJK,2016,18400000
Tajikistan,TJK,2017,28000000
Tajikistan,TJK,2018,33000000
Tanzania,TZA,1995,1383000000
Tanzania,TZA,1996,1086000000
Tanzania,TZA,1997,883000000
Tanzania,TZA,1998,244000000
Tanzania,TZA,1999,853000000
Tanzania,TZA,2000,428000000
Tanzania,TZA,2001,911000000
Tanzania,TZA,2002,445000000
Tanzania,TZA,2003,444000000
Tanzania,TZA,2004,433000000
Tanzania,TZA,2005,433000000
Tanzania,TZA,2006,475000000
Thailand,THA,1995,12975000000
Thailand,THA,1996,12205000000
Thailand,THA,1997,11804000000
Thailand,THA,1998,10947000000
Thailand,THA,1999,9894000000
Thailand,THA,2000,9935000000
Thailand,THA,2001,10321000000
Thailand,THA,2002,10378000000
Thailand,THA,2003,10251000000
Thailand,THA,2004,9195000000
Thailand,THA,2005,9195000000
Thailand,THA,2007,8037000000
Thailand,THA,2010,8187000000
Thailand,THA,2011,8032000000
Thailand,THA,2015,6181000000
Thailand,THA,2017,6020000000
Tunisia,TUN,1995,996000000
Tunisia,TUN,1996,988000000
Tunisia,TUN,1997,1096000000
Tunisia,TUN,1998,1136000000
Tunisia,TUN,1999,1192000000
Tunisia,TUN,2000,1257000000
Tunisia,TUN,2001,1281000000
Tunisia,TUN,2002,1264000000
Tunisia,TUN,2003,1242000000
Tunisia,TUN,2004,1294000000
Tunisia,TUN,2005,1317000000
Tunisia,TUN,2006,1407000000
Tunisia,TUN,2007,1487000000
Tunisia,TUN,2008,1493000000
Tunisia,TUN,2010,1534000000
Tunisia,TUN,2011,1113600000
Tunisia,TUN,2014,1298000000
Tunisia,TUN,2015,1246000000
Tunisia,TUN,2016,1235000000
Tunisia,TUN,2017,1164000000
Tunisia,TUN,2018,1109000000
Turkey,TUR,1995,5797000000
Turkey,TUR,1996,5229000000
Turkey,TUR,1997,5840000000
Turkey,TUR,1998,6160000000
Turkey,TUR,1999,6146000000
Turkey,TUR,2000,5832000000
Turkey,TUR,2001,5568000000
Turkey,TUR,2002,5204000000
Turkey,TUR,2003,5878000000
Turkey,TUR,2004,5163000000
Turkey,TUR,2005,5036000000
Turkey,TUR,2006,5277000000
Turkey,TUR,2007,5553000000
Turkey,TUR,2008,5097000000
Turkey,TUR,2009,5374000000
Turkey,TUR,2010,5584000000
Turkey,TUR,2011,7122000000
Turkey,TUR,2012,6361000000
Turkey,TUR,2013,6225000000
Turkey,TUR,2014,7401000000
Turkey,TUR,2015,8326000000
Turkey,TUR,2016,7829000000
Turkey,TUR,2017,8465000000
Turkey,TUR,2018,8938000000
Turkmenistan,TKM,1995,1876000000
Turkmenistan,TKM,1996,2104000000
Turkmenistan,TKM,1997,958000000
Turkmenistan,TKM,1998,571000000
Turkmenistan,TKM,1999,701000000
Turkmenistan,TKM,2000,943000000
Turkmenistan,TKM,2001,1118000000
Turkmenistan,TKM,2002,1118000000
Turkmenistan,TKM,2004,1286000000
Turkmenistan,TKM,2006,1435000000
Turkmenistan,TKM,2007,1570000000
Turkmenistan,TKM,2008,1685000000
Turkmenistan,TKM,2009,1725000000
Turkmenistan,TKM,2010,1811000000
Turkmenistan,TKM,2011,1811000000
Turkmenistan,TKM,2012,1811000000
Turkmenistan,TKM,2014,1811000000
Turkmenistan,TKM,2015,2326000000
Turkmenistan,TKM,2016,2336000000
Turkmenistan,TKM,2017,2340000000
Ukraine,UKR,1995,63752000000
Ukraine,UKR,1996,59080000000
Ukraine,UKR,1997,54433000000
Ukraine,UKR,1998,49938000000
Ukraine,UKR,1999,47600000000
Ukraine,UKR,2000,51767000000
Ukraine,UKR,2001,49661000000
Ukraine,UKR,2002,50544000000
Ukraine,UKR,2003,52558000000
Ukraine,UKR,2004,51726000000
Ukraine,UKR,2005,52655000000
Ukraine,UKR,2006,53230000000
Ukraine,UKR,2007,53089000000
Ukraine,UKR,2008,53056000000
Ukraine,UKR,2009,48327000000
Ukraine,UKR,2010,50248000000
Ukraine,UKR,2011,50593000000
Ukraine,UKR,2012,49329000000
Ukraine,UKR,2013,48981000000
Ukraine,UKR,2014,35865000000
Ukraine,UKR,2015,35367000000
Ukraine,UKR,2016,36839000000
Ukraine,UKR,2017,28075000000
Ukraine,UKR,2018,28685000000
United Kingdom,GBR,1995,37200000000
United Kingdom,GBR,1996,39200000000
United Kingdom,GBR,1997,42200000000
United Kingdom,GBR,1998,44100000000
United Kingdom,GBR,1999,46800000000
United Kingdom,GBR,2000,46506213654
United Kingdom,GBR,2001,47471882913
United Kingdom,GBR,2002,47992683913
United Kingdom,GBR,2003,49224354760
United Kingdom,GBR,2004,50373778283.639
United Kingdom,GBR,2005,51363238861.198
United Kingdom,GBR,2006,54338616342.653
United Kingdom,GBR,2007,57876835498.737
United Kingdom,GBR,2008,60522257647.799
United Kingdom,GBR,2009,60166955404.915
United Kingdom,GBR,2010,63505009755.806
United Kingdom,GBR,2011,66801444358.355
United Kingdom,GBR,2012,69686077677.92601
United Kingdom,GBR,2013,71091617132.869
United Kingdom,GBR,2014,74261865978.851
United Kingdom,GBR,2015,76787835241.515
United Kingdom,GBR,2016,78695912497.83
United Kingdom,GBR,2017,80260893253.627
United Kingdom,GBR,2018,80526378370.105
United States,USA,1995,22079197517.351
United States,USA,1996,21865609594.934002
United States,USA,1997,22746357703.048
United States,USA,1998,23490391327.033
United States,USA,1999,23910674990.425
United States,USA,2000,25977281448.92
United States,USA,2001,25198095303.748
United States,USA,2002,24409622511.445
United States,USA,2003,25044071809.908
United States,USA,2004,24776562008.879997
United States,USA,2005,25393591629.482998
United States,USA,2006,27296432407.703
United States,USA,2007,30357906712.861
United States,USA,2008,32143406016.433
United States,USA,2009,30906931637.514
United States,USA,2010,31871671919.150997
United States,USA,2011,32579510200.833
United States,USA,2012,34125700655.109997
United States,USA,2013,36047104941.171
United States,USA,2014,36393106488.533
United States,USA,2015,36043875681.391
United States,USA,2016,35892157355.569
United States,USA,2017,33255542606.659996
United States,USA,2018,31962706636.735
Upper middle income,,1995,2188200000
Upper middle income,,1996,1607000000
Upper middle income,,1997,1304000000
Upper middle income,,1998,1094500000
Upper middle income,,1999,745000000
Upper middle income,,2000,1081500000
Upper middle income,,2001,1047000000
Upper middle income,,2002,954000000
Upper middle income,,2003,809000000
Upper middle income,,2004,821000000
Upper middle income,,2005,878000000
Upper middle income,,2006,964000000
Upper middle income,,2007,1570000000
Upper middle income,,2008,861500000
Upper middle income,,2010,917000000
Upper middle income,,2011,1811000000
Upper middle income,,2014,1702000000
Upper middle income,,2015,1758165083
Upper middle income,,2016,1481000000
Upper middle income,,2017,1945000000
Uruguay,URY,1999,10000000
Uruguay,URY,2000,9000000
Uruguay,URY,2001,9000000
Uruguay,URY,2002,8000000
Uruguay,URY,2003,11000000
Uruguay,URY,2004,11000000
Uruguay,URY,2005,12000000
Uruguay,URY,2006,17000000
Uruguay,URY,2007,15000000
Uruguay,URY,2014,8000000
Uruguay,URY,2015,8000000
Uzbekistan,UZB,1995,2498000000
Uzbekistan,UZB,1996,2029000000
Uzbekistan,UZB,1997,2186000000
Uzbekistan,UZB,1998,2189000000
Uzbekistan,UZB,1999,1898000000
Uzbekistan,UZB,2000,2163000000
Uzbekistan,UZB,2001,2163000000
Uzbekistan,UZB,2004,2012000000
Uzbekistan,UZB,2005,2012000000
Uzbekistan,UZB,2006,2339300000
Uzbekistan,UZB,2007,2264000000
Uzbekistan,UZB,2008,2477000000
Uzbekistan,UZB,2009,2632000000
Uzbekistan,UZB,2010,2905000000
Uzbekistan,UZB,2011,3025000000
Uzbekistan,UZB,2012,3437800000
Uzbekistan,UZB,2014,3760000000
Uzbekistan,UZB,2015,3758000000
Uzbekistan,UZB,2016,3934000000
Uzbekistan,UZB,2017,4294000000
Uzbekistan,UZB,2018,4329000000
Venezuela,VEN,1995,12000000
Vietnam,VNM,1995,2133000000
Vietnam,VNM,1996,2476000000
Vietnam,VNM,1997,2437000000
Vietnam,VNM,1998,2542000000
Vietnam,VNM,1999,2721000000
Vietnam,VNM,2000,3200000000
Vietnam,VNM,2001,3697000000
Vietnam,VNM,2002,3426000000
Vietnam,VNM,2003,4041000000
Vietnam,VNM,2004,4376000000
Vietnam,VNM,2005,4558000000
Vietnam,VNM,2006,4334900000
Vietnam,VNM,2007,4659000000
Vietnam,VNM,2008,4492000000
Vietnam,VNM,2009,4138000000
Vietnam,VNM,2010,4378000000
Vietnam,VNM,2011,4571000000
Vietnam,VNM,2012,4558000000
Vietnam,VNM,2013,4548000000
Vietnam,VNM,2014,4252580000
Vietnam,VNM,2015,4233880000
Vietnam,VNM,2016,3416000000
Vietnam,VNM,2017,3657000000
Vietnam,VNM,2018,3542000000
World,OWID_WRL,1995,2016000000
World,OWID_WRL,1996,1787500000
World,OWID_WRL,1997,1492000000
World,OWID_WRL,1998,1469000000
World,OWID_WRL,1999,1498400000
World,OWID_WRL,2000,1740500000
World,OWID_WRL,2001,1908000000
World,OWID_WRL,2002,1681400000
World,OWID_WRL,2003,1931000000
World,OWID_WRL,2004,1931000000
World,OWID_WRL,2005,2285500000
World,OWID_WRL,2006,2166500000
World,OWID_WRL,2007,2344000000
Zambia,ZMB,1996,280000000
Zambia,ZMB,1997,236000000
Zambia,ZMB,1998,183000000
Zambia,ZMB,1999,186000000
Zambia,ZMB,2017,4268000
Zambia,ZMB,2018,4184999.9999999995